instance,related,sen_score,stem
experience,suffering bad,-1.75,suffering bad
app,worthless capture,-1.6,worthless captur
experience,cancelled pathetic,-1.55,cancelled pathet
app,bogus fraud,-1.5,bogus fraud
service,disappointed poor,-1.5,disappointed poor
service,poor disgusting,-1.5,poor disgust
app,worst torture,-1.5,worst tortur
experience,painful regret,-1.25,painful regret
payment,fail cheap,-1.25,fail cheap
response,poor bad,-1.25,poor bad
service,useless worst,-1.25,useless worst
support,worst pathetic,-1.25,worst pathet
support,fools suspended,-1.1,fools suspend
service,exhibiting lies,-1,exhibiting li
app,unstable,-1,unstabl
app,misleading,-1,mislead
app,plz error,-1,plz error
app,really disappointed,-1,really disappoint
app,seems problematic,-1,seems problemat
app,technical glitches,-1,technical glitch
app,unstable momment,-1,unstable mom
app,unstable neu,-1,unstable neu
app,worthless,-1,worthless
call,update miserable,-1,update miser
update,miserable,-1,miser
experience,totally disappointing,-1,totally disappoint
experience,unstable,-1,unstabl
update,miserable experience,-1,miserable experi
app,disappointed,-1,disappoint
service,unfortunately customer,-1,unfortunately custom
experience,clueless worst,-1,clueless worst
payment,disappointed,-1,disappoint
response,disappointed,-1,disappoint
service,disappointing,-1,disappoint
service,disgusting,-1,disgust
support,fraudster,-1,fraudster
app,glitches,-1,glitch
customer care,harassment,-1,harass
service,highly disappointing,-1,highly disappoint
service,hopeless customer,-1,hopeless custom
app,many glitches,-1,many glitch
experience,miserable,-1,miser
app,much disappointed,-1,much disappoint
service,pathetic slow,-1,pathetic slow
support,scamster fraudster,-1,scamster fraudst
payment,slightly disappointed,-1,slightly disappoint
response,stupid,-1,stupid
response,time stupid,-1,time stupid
app,torture,-1,tortur
experience,update miserable,-1,update miser
payment,failure pay,-0.85,failure pai
app,erroneously,-0.8,erron
app,erroneously showing,-0.8,erroneously show
service,duped,-0.8,dupe
customer care,cancelled,-0.8,cancel
resolve,problem,-0.75,problem
app,incompetent,-0.75,incompet
app,incompetent staff,-0.75,incompetent staff
app,bad,-0.75,bad
resolve,problem since,-0.75,problem sinc
resolve,problem till,-0.75,problem til
service,bad,-0.75,bad
service,pathetic,-0.75,pathet
app,bad condition,-0.75,bad condit
app,bad experience,-0.75,bad experi
app,bad service,-0.75,bad servic
app,fail,-0.75,fail
app,fail neu,-0.75,fail neu
app,horrible,-0.75,horribl
app,horrible terms,-0.75,horrible term
app,migration failure,-0.75,migration failur
app,phone pathetic,-0.75,phone pathet
app,ruined,-0.75,ruin
app,time lag,-0.75,time lag
app,unreliable,-0.75,unreli
app,unreliable need,-0.75,unreliable ne
app,want blame,-0.75,want blam
service,misguided,-0.75,misguid
call,problem,-0.75,problem
customer care,bothering,-0.75,bother
response,useless,-0.75,useless
payment,fail,-0.75,fail
interface,bad,-0.75,bad
refund,denied,-0.75,deni
experience,bad,-0.75,bad
experience,badly,-0.75,badli
experience,problem,-0.75,problem
experience,really pathetic,-0.75,really pathet
experience,regret,-0.75,regret
experience,regret ordering,-0.75,regret ord
interface,bad make,-0.75,bad mak
payment,failing,-0.75,fail
payment,failing bill,-0.75,failing bil
payment,failure,-0.75,failur
payment,order cancel,-0.75,order cancel
payment,reversal unhappy,-0.75,reversal unhappi
payment,system bad,-0.75,system bad
service,wasted,-0.75,wast
refund,denied customer,-0.75,denied custom
resolve,customers problem,-0.75,customers problem
resolve,problem absolutely,-0.75,problem absolut
resolve,problem asked,-0.75,problem ask
resolve,problem case,-0.75,problem cas
resolve,problem play,-0.75,problem plai
response,totally frustrated,-0.75,totally frustr
response,useless customer,-0.75,useless custom
service,executive useless,-0.75,executive useless
service,looked wrong,-0.75,looked wrong
service,package delayed,-0.75,package delai
service,pathetic agent,-0.75,pathetic ag
service,pathetic customer,-0.75,pathetic custom
service,wasted time,-0.75,wasted tim
support,team incompetent,-0.75,team incompet
support,team pathetic,-0.75,team pathet
update,order pathetic,-0.75,order pathet
experience,pathetic,-0.75,pathet
app,useless,-0.75,useless
app,fraud,-0.75,fraud
experience,overall bad,-0.75,overall bad
customer care,pathetic,-0.75,pathet
experience,absolutely bad,-0.75,absolutely bad
experience,absolutely pathetic,-0.75,absolutely pathet
experience,app bad,-0.75,app bad
service,app bad,-0.75,app bad
experience,awful,-0.75,aw
support,bad customer,-0.75,bad custom
response,bad,-0.75,bad
experience,bad service,-0.75,bad servic
service,bad service,-0.75,bad servic
call,body bother,-0.75,body both
call,bother,-0.75,bother
resolve,bother call,-0.75,bother cal
service,bother customer,-0.75,bother custom
resolve,bothering,-0.75,bother
service,cancel,-0.75,cancel
app,effort useless,-0.75,effort useless
app,extremely pathetic,-0.75,extremely pathet
app,fake,-0.75,fake
service,feel bad,-0.75,feel bad
experience,going pathetic,-0.75,going pathet
response,got shocking,-0.75,got shock
customer care,horrible,-0.75,horribl
experience,horrible,-0.75,horribl
service,horrible,-0.75,horribl
response,horrible terms,-0.75,horrible term
resolve,inability assistants,-0.75,inability assist
app,incorrect showing,-0.75,incorrect show
service,issue pathetic,-0.75,issue pathet
service,month pathetic,-0.75,month pathet
service,much unhappy,-0.75,much unhappi
service,order pathetic,-0.75,order pathet
app,pathetic,-0.75,pathet
support,pathetic customer,-0.75,pathetic custom
service,pathetic see,-0.75,pathetic se
response,pathetic service,-0.75,pathetic servic
support,pathetic,-0.75,pathet
service,pending pathetic,-0.75,pending pathet
service,phone pathetic,-0.75,phone pathet
experience,problem asked,-0.75,problem ask
app,problem customer,-0.75,problem custom
resolve,problem got,-0.75,problem got
service,problem,-0.75,problem
service,product pathetic,-0.75,product pathet
app,raha bad,-0.75,raha bad
experience,really bad,-0.75,really bad
response,shocking,-0.75,shock
experience,since bad,-0.75,since bad
experience,slow painful,-0.75,slow pain
experience,still bad,-0.75,still bad
resolve,still problem,-0.75,still problem
experience,switche bad,-0.75,switche bad
service,tata bad,-0.75,tata bad
app,terrible,-0.75,terribl
experience,terrible,-0.75,terribl
response,tired waiting,-0.75,tired wait
service,unhappy,-0.75,unhappi
customer care,useless,-0.75,useless
service,useless customer,-0.75,useless custom
support,useless customer,-0.75,useless custom
resolve,useless,-0.75,useless
service,vary bad,-0.75,vary bad
service,ver bad,-0.75,ver bad
service,waste,-0.75,wast
payment,waste service,-0.75,waste servic
app,discontinue,-0.6,discontinu
app,discontinue subsidiary,-0.6,discontinue subsidiari
call,disconnect,-0.6,disconnect
call,disconnect agent,-0.6,disconnect ag
call,phone unanswered,-0.6,phone unansw
payment,concern,-0.6,concern
handling,concern,-0.6,concern
handling,concern customers,-0.6,concern custom
response,toll,-0.6,toll
payment,concern addressed,-0.6,concern address
resolve,issue disconnect,-0.6,issue disconnect
response,raised concerned,-0.6,raised concern
response,saying concerned,-0.6,saying concern
service,call disconnect,-0.6,call disconnect
response,completely disappointed,-0.6,completely disappoint
payment,concern related,-0.6,concern rel
response,concern,-0.6,concern
support,disappointed level,-0.6,disappointed level
app,discontinue using,-0.6,discontinue us
experience,hectic wahiyad,-0.6,hectic wahiyad
call,shivers thinking,-0.6,shivers think
payment,unsuccessful payment,-0.6,unsuccessful pay
payment,failed,-0.5,fail
app,unable,-0.5,unabl
experience,unable,-0.5,unabl
service,failed,-0.5,fail
payment,gateway failed,-0.5,gateway fail
service,failed notice,-0.5,failed notic
service,poor,-0.5,poor
app,even poorer,-0.5,even poor
app,failed,-0.5,fail
app,failed recognise,-0.5,failed recognis
app,full glitch,-0.5,full glitch
app,landed trouble,-0.5,landed troubl
app,mail unsafe,-0.5,mail unsaf
app,many lapse,-0.5,many laps
app,needs bug,-0.5,needs bug
app,poor,-0.5,poor
app,poor customer,-0.5,poor custom
app,sorry,-0.5,sorri
app,unable fetch,-0.5,unable fetch
app,unable find,-0.5,unable find
app,worst,-0.5,worst
app,worst app,-0.5,worst app
experience,painful,-0.5,pain
call,centre sad,-0.5,centre sad
call,inept,-0.5,inept
call,inept corelate,-0.5,inept corel
call,may missed,-0.5,may miss
support,fools,-0.5,fool
payment,fails,-0.5,fail
customer care,confused,-0.5,confus
support,clueless,-0.5,clueless
support,unable,-0.5,unabl
refund,headache,-0.5,headach
experience,guys dishonesty,-0.5,guys dishonesti
experience,loads problems,-0.5,loads problem
payment,unsuccessful,-0.5,unsuccess
handling,call inept,-0.5,call inept
interaction,neu frustrating,-0.5,neu frustr
interface,looks confusing,-0.5,looks confus
payment,worst,-0.5,worst
payment,failed also,-0.5,failed also
payment,failed bank,-0.5,failed bank
payment,failed end,-0.5,failed end
payment,failed frequently,-0.5,failed frequ
payment,failed make,-0.5,failed mak
payment,failed need,-0.5,failed ne
payment,failed never,-0.5,failed nev
payment,failed technical,-0.5,failed techn
payment,failures,-0.5,failur
payment,failures already,-0.5,failures alreadi
payment,feature missing,-0.5,feature miss
payment,got failed,-0.5,got fail
payment,processed split,-0.5,processed split
payment,still unable,-0.5,still un
payment,unsuccessful take,-0.5,unsuccessful tak
payment,worst first,-0.5,worst first
service,missed,-0.5,miss
response,missing,-0.5,miss
refund,headache just,-0.5,headache just
refund,supposed payback,-0.5,supposed payback
refund,transaction failed,-0.5,transaction fail
response,big mistake,-0.5,big mistak
response,missing query,-0.5,missing queri
response,poor,-0.5,poor
response,poor also,-0.5,poor also
service,always unable,-0.5,always un
service,app failed,-0.5,app fail
service,ever worst,-0.5,ever worst
service,missed interview,-0.5,missed interview
service,poor dispointed,-0.5,poor dispoint
service,unsatisfactory,-0.5,unsatisfactori
service,unsatisfactory coins,-0.5,unsatisfactory coin
support,clueless abt,-0.5,clueless abt
support,getting worst,-0.5,getting worst
support,people lie,-0.5,people li
update,turned lie,-0.5,turned li
service,worst,-0.5,worst
experience,worst,-0.5,worst
resolve,unable,-0.5,unabl
service,poor customer,-0.5,poor custom
support,poor customer,-0.5,poor custom
service,worst customer,-0.5,worst custom
resolve,experience unable,-0.5,experience un
communication,irresponsible,-0.5,irrespons
customer care,poor,-0.5,poor
response,strange email,-0.5,strange email
call,abruptly cut,-0.5,abruptly cut
service,also poor,-0.5,also poor
service,annoyed customer,-0.5,annoyed custom
app,app worst,-0.5,app worst
service,becouse worst,-0.5,becouse worst
call,bothered,-0.5,bother
update,bothered call,-0.5,bothered cal
resolve,chat unable,-0.5,chat un
customer care,confusing,-0.5,confus
payment,confusing mode,-0.5,confusing mod
resolve,csr unable,-0.5,csr unabl
payment,difficulty bill,-0.5,difficulty bil
service,disable chat,-0.5,disable chat
call,disconnected,-0.5,disconnect
service,discrimination,-0.5,discrimin
payment,doubts whether,-0.5,doubts wheth
resolve,executivewas unable,-0.5,executivewas un
experience,extremely poor,-0.5,extremely poor
payment,fails complete,-0.5,fails complet
payment,fault however,-0.5,fault howev
app,feature missing,-0.5,feature miss
service,frequently worst,-0.5,frequently worst
experience,frustrating,-0.5,frustrat
app,glitch,-0.5,glitch
payment,glitch every,-0.5,glitch everi
service,help poor,-0.5,help poor
app,hype,-0.5,hype
support,impossible reach,-0.5,impossible reach
experience,keep worst,-0.5,keep worst
service,know poor,-0.5,know poor
app,missing,-0.5,miss
service,missing customer,-0.5,missing custom
app,much hype,-0.5,much hyp
call,nobody bothered,-0.5,nobody both
service,nothing worst,-0.5,nothing worst
service,one worst,-0.5,one worst
app,painful neu,-0.5,painful neu
experience,poor app,-0.5,poor app
service,poor bot,-0.5,poor bot
response,poor customer,-0.5,poor custom
experience,poor,-0.5,poor
handling,poor,-0.5,poor
service,poor upi,-0.5,poor upi
app,problems integrations,-0.5,problems integr
experience,really painful,-0.5,really pain
service,really substandard,-0.5,really substandard
service,replies worst,-0.5,replies worst
payment,sad first,-0.5,sad first
app,sorry recommending,-0.5,sorry recommend
response,sorry say,-0.5,sorry sai
service,substandard,-0.5,substandard
app,technical glitch,-0.5,technical glitch
experience,total worst,-0.5,total worst
payment,trouble now,-0.5,trouble now
app,unable open,-0.5,unable open
service,v poor,-0.5,v poor
call,worst,-0.5,worst
customer care,worst,-0.5,worst
support,worst customer,-0.5,worst custom
app,worst ever,-0.5,worst ev
experience,worst ever,-0.5,worst ev
response,worst services,-0.5,worst servic
app,wrongly taken,-0.5,wrongly taken
service,yet.this poor,-0.5,yet.this poor
customer care,blocked,-0.4,block
service,stop,-0.4,stop
payment,fist,-0.4,fist
payment,friends fist,-0.4,friends fist
refund,procedure cancel,-0.35,procedure cancel
service,option cancel,-0.35,option cancel
app,slow,-0.25,slow
payment,stuck,-0.25,stuck
payment,stuck days,-0.25,stuck dai
app,hidden,-0.25,hidden
app,buggy slow,-0.25,buggy slow
app,full black,-0.25,full black
app,gets hang,-0.25,gets hang
app,hanging,-0.25,hang
app,hanging apparently,-0.25,hanging appar
app,hidden terms,-0.25,hidden term
app,ia slow,-0.25,ia slow
app,iphone slow,-0.25,iphone slow
app,name ram,-0.25,name ram
app,response slow,-0.25,response slow
response,slow,-0.25,slow
app,slow basket,-0.25,slow basket
app,slow need,-0.25,slow ne
app,slow sometimes,-0.25,slow sometim
app,slow user,-0.25,slow us
app,slow.and,-0.25,slow.and
experience,fire,-0.25,fire
service,late,-0.25,late
experience,fire chat,-0.25,fire chat
experience,unexpected,-0.25,unexpect
experience,unexpected tata,-0.25,unexpected tata
payment,got stuck,-0.25,got stuck
payment,process abruptly,-0.25,process abruptli
refund,amount hard,-0.25,amount hard
refund,stuck,-0.25,stuck
refund,stuck counting,-0.25,stuck count
response,also slow,-0.25,also slow
response,slow spend,-0.25,slow spend
response,time slow,-0.25,time slow
response,wait,-0.25,wait
response,wait hours,-0.25,wait hour
service,late reply,-0.25,late repli
service,representative lacks,-0.25,representative lack
support,slow,-0.25,slow
support,slow resloved,-0.25,slow reslov
call,cut,-0.25,cut
service,slow,-0.25,slow
refund,wait days,-0.25,wait dai
update,wait,-0.25,wait
response,asked wait,-0.25,asked wait
call,domestic,-0.25,domest
payment,late,-0.25,late
response,late,-0.25,late
app,latency issue,-0.25,latency issu
update,message wait,-0.25,message wait
call,migrated domestic,-0.25,migrated domest
payment,movement late,-0.25,movement l
app,recommend terrible,-0.25,recommend terr
app,slow response,-0.25,slow respons
update,time wait,-0.25,time wait
call,understand cut,-0.25,understand cut
customer care,wait,-0.25,wait
resolve,wait days,-0.25,wait dai
app,available disappointed,-0.2,available disappoint
call,problem resolved,-0.15,problem resolv
experience,bad delivery,-0.15,bad deliveri
experience,problem resolved,-0.15,problem resolv
service,seamless tired,-0.15,seamless tir
payment,status payment,-0.1,status pay
app,payment,-0.1,payment
payment,payment,-0.1,payment
app,got payment,-0.1,got pay
app,launch,-0.1,launch
app,launch many,-0.1,launch mani
app,made payment,-0.1,made pay
app,payment got,-0.1,payment got
app,payment page,-0.1,payment pag
app,tells payment,-0.1,tells pay
app,trying pay,-0.1,trying pai
purchase,pay,-0.1,pai
payment,fails credit,-0.1,fails credit
payment,payment history,-0.1,payment histori
payment,payment system,-0.1,payment system
payment,system payment,-0.1,system pay
payment,tata pay,-0.1,tata pai
purchase,date launch,-0.1,date launch
purchase,pay phone,-0.1,pay phon
purchase,weeks launch,-0.1,weeks launch
response,toll free,-0.1,toll fre
service,payment,-0.1,payment
payment,payment status,-0.1,payment statu
app,digital payment,-0.1,digital pay
app,expect poor,-0.1,expect poor
app,khicdi payment,-0.1,khicdi pay
app,pay,-0.1,pai
service,pay later,-0.1,pay lat
app,payment bigbasket,-0.1,payment bigbasket
refund,payment features,-0.1,payment featur
refund,payment filled,-0.1,payment fil
refund,payment gateway,-0.1,payment gatewai
response,payment,-0.1,payment
payment,points payment,-0.1,points pay
app,since launch,-0.1,since launch
app,tata pay,-0.1,tata pai
app,thanks poor,0.1,thanks poor
customer care,reading,0.1,read
response,co-operation,0.1,co-oper
response,co-operation sailesh,0.1,co-operation sailesh
app,offer applies,0.1,offer appli
service,offer total,0.1,offer tot
experience,resolved frustrating,0.1,resolved frustr
service,thanks poor,0.1,thanks poor
app,completely slow,0.15,completely slow
app,slow performance,0.15,slow perform
experience,put jitters.money,0.2,put jitters.monei
app,concern new,0.2,concern new
experience,false assurances,0.2,false assur
response,shared concern,0.2,shared concern
call,center,0.25,center
app,working,0.25,work
app,allow,0.25,allow
payment,system working,0.25,system work
payment,big,0.25,big
app,able purchase,0.25,able purchas
app,active,0.25,activ
app,active many,0.25,active mani
app,allow manually,0.25,allow manu
app,allow take,0.25,allow tak
app,need improvise,0.25,need improvis
app,needs work,0.25,needs work
app,still working,0.25,still work
app,u giving,0.25,u giv
app,used purchase,0.25,used purchas
app,working order,0.25,working ord
app,works,0.25,work
payment,worked,0.25,work
call,center employees,0.25,center employe
call,center idea,0.25,center idea
call,center many,0.25,center mani
call,center rep,0.25,center rep
service,reachable,0.25,reachabl
response,big,0.25,big
experience,big,0.25,big
experience,big basket,0.25,big basket
payment,working,0.25,work
payment,big basket,0.25,big basket
payment,page big,0.25,page big
payment,working upi,0.25,working upi
service,giving,0.25,give
service,chance,0.25,chanc
service,executive giving,0.25,executive giv
service,per expectation,0.25,per expect
service,reachable can,0.25,reachable can
support,support slow,0.25,support slow
app,work,0.25,work
payment,work,0.25,work
purchase,big,0.25,big
call,action,0.25,action
customer care,active,0.25,activ
update,allow manually,0.25,allow manu
payment,allow,0.25,allow
update,allow,0.25,allow
payment,attention,0.25,attent
service,big basket,0.25,big basket
call,boy neu,0.25,boy neu
app,bugs galore,0.25,bugs galor
resolve,care bothering,0.25,care both
service,deserve stars,0.25,deserve star
response,executive giving,0.25,executive giv
app,galore,0.25,galor
response,giving,0.25,give
response,join conversation,0.25,join convers
payment,just work,0.25,just work
payment,lot attention,0.25,lot attent
purchase,made big,0.25,made big
purchase,make big,0.25,make big
app,malfunctioning working,0.25,malfunctioning work
app,need work,0.25,need work
interface,need work,0.25,need work
call,now action,0.25,now act
payment,nue allow,0.25,nue allow
app,study competitors,0.25,study competitor
app,t work,0.25,t work
customer care,work,0.25,work
interface,work,0.25,work
resolve,work,0.25,work
app,working undercooked,0.25,working undercook
experience,unable resolve,0.3,unable resolv
service,payment management,0.3,payment manag
service,solve problems,0.3,solve problem
support,unable resolve,0.3,unable resolv
app,payment option,0.3,payment opt
response,reserve payment,0.3,reserve pay
update,building allow,0.35,building allow
response,including slow,0.35,including slow
payment,option,0.4,option
app,completely,0.4,complet
app,expect,0.4,expect
app,expect tata,0.4,expect tata
app,fully,0.4,fulli
app,fully constructing,0.4,fully construct
app,needs fully,0.4,needs fulli
app,option,0.4,option
app,performance,0.4,perform
app,performance promo,0.4,performance promo
experience,trending,0.4,trend
service,option,0.4,option
call,department finally,0.4,department fin
call,offers credit,0.4,offers credit
customer care,contact,0.4,contact
service,finally,0.4,final
experience,neucoins credited,0.4,neucoins credit
experience,trending neuuuuuuuu,0.4,trending neuuuuuuuu
support,unconditionally,0.4,uncondition
response,finally,0.4,final
refund,credited,0.4,credit
refund,cash,0.4,cash
payment,major,0.4,major
payment,major banks,0.4,major bank
payment,management,0.4,manag
payment,management got,0.4,management got
payment,option app,0.4,option app
payment,via credit,0.4,via credit
service,management,0.4,manag
refund,cash asap,0.4,cash asap
refund,procedure,0.4,procedur
resolve,points credit,0.4,points credit
resolve,query level,0.4,query level
response,finally closed,0.4,finally clos
response,mail completely,0.4,mail complet
service,executive talk,0.4,executive talk
service,finally completed,0.4,finally complet
service,levels continue,0.4,levels continu
service,management nev,0.4,management nev
service,representative information,0.4,representative inform
support,unconditionally buy,0.4,unconditionally bui
purchase,able continue,0.4,able continu
service,cash customer,0.4,cash custom
app,concept neu,0.4,concept neu
purchase,continue,0.4,continu
support,coordination different,0.4,coordination differ
payment,credit card,0.4,credit card
purchase,credit provisions,0.4,credit provis
customer care,credited,0.4,credit
purchase,credited,0.4,credit
purchase,exn-1007141161-20220404 credited,0.4,exn-1007141161-20220404 credit
payment,finally completed,0.4,finally complet
app,find information,0.4,find inform
app,information,0.4,inform
communication,information,0.4,inform
support,level,0.4,level
app,manage,0.4,manag
payment,marchent reserve,0.4,marchent reserv
service,option book,0.4,option book
purchase,option online,0.4,option onlin
app,referral option,0.4,referral opt
payment,reserve,0.4,reserv
app,shopping bigbasket,0.4,shopping bigbasket
experience,shopping,0.4,shop
customer care,talk,0.4,talk
service,talk customer,0.4,talk custom
app,team manage,0.4,team manag
experience,thats shopping,0.4,thats shop
app,like,0.5,like
app,thank,0.5,thank
communication,customer support,0.5,customer support
customer care,helping,0.5,help
customer care,support,0.5,support
experience,thank,0.5,thank
experience,thank tata,0.5,thank tata
service,solution,0.5,solut
service,solution one,0.5,solution on
customer care,dear,0.5,dear
app,amazed,0.5,amaz
app,amazed way,0.5,amazed wai
app,best,0.5,best
app,best loan,0.5,best loan
app,clearly,0.5,clearli
app,clearly mention,0.5,clearly ment
app,give accurate,0.5,give accur
app,great,0.5,great
app,great feature,0.5,great featur
app,like amazon,0.5,like amazon
app,like bb,0.5,like bb
app,like google,0.5,like googl
app,like paytm,0.5,like paytm
app,look like,0.5,look lik
app,recommended,0.5,recommend
app,thank look,0.5,thank look
app,try increase,0.5,try increas
app,usefull kind,0.5,usefull kind
app,wise,0.5,wise
app,wise iwill,0.5,wise iwil
call,backs like,0.5,backs lik
call,clarity,0.5,clariti
call,clarity couldnâ,0.5,clarity couldnâ
call,like,0.5,like
call,like ok,0.5,like ok
call,quality great,0.5,quality great
call,timely,0.5,time
call,timely resolution,0.5,timely resolut
service,like,0.5,like
support,support,0.5,support
customer care,clear,0.5,clear
handling,ability,0.5,abil
experience,never recommend,0.5,never recommend
experience,nice,0.5,nice
experience,nice app,0.5,nice app
experience,smooth payment,0.5,smooth pay
experience,wanted clear,0.5,wanted clear
service,best,0.5,best
interaction,customer support,0.5,customer support
interface,good slow,0.5,good slow
interface,hope,0.5,hope
interface,hope still,0.5,hope stil
interface,using like,0.5,using lik
update,best,0.5,best
response,great,0.5,great
payment,like,0.5,like
payment,like individual,0.5,like individu
payment,made clear,0.5,made clear
payment,worked fine,0.5,worked fin
response,clear,0.5,clear
response,support,0.5,support
update,support,0.5,support
purchase,platform hope,0.5,platform hop
resolve,help support.it,0.5,help support.it
response,chat support,0.5,chat support
response,clear issue,0.5,clear issu
response,expected admired,0.5,expected admir
response,great now,0.5,great now
response,nobody interested,0.5,nobody interest
response,recommended,0.5,recommend
service,best app's,0.5,best app'
service,brand like,0.5,brand lik
service,customer support,0.5,customer support
service,like ones,0.5,like on
service,representative polite,0.5,representative polit
update,app wise,0.5,app wis
update,nothing support,0.5,nothing support
response,proper,0.5,proper
app,nice,0.5,nice
service,nice,0.5,nice
experience,great,0.5,great
service,kind customer,0.5,kind custom
customer care,best,0.5,best
response,give proper,0.5,give prop
service,great,0.5,great
support,proper,0.5,proper
app,recommend,0.5,recommend
support,thank,0.5,thank
call,acceptable voice,0.5,acceptable voic
customer care,agree,0.5,agre
service,amazing customer,0.5,amazing custom
experience,amazing,0.5,amaz
app,beneficial,0.5,benefici
app,came wise,0.5,came wis
payment,citizen comfortable,0.5,citizen comfort
payment,comfortable,0.5,comfort
call,commitment happening,0.5,commitment happen
app,confirmed receiver,0.5,confirmed receiv
support,contacted support,0.5,contacted support
resolve,customer support,0.5,customer support
update,dear team,0.5,dear team
experience,dedicated gamified,0.5,dedicated gamifi
app,employee recommended,0.5,employee recommend
call,empty promise,0.5,empty promis
app,experience nice,0.5,experience nic
interaction,free,0.5,free
update,free needs,0.5,free ne
app,friends.other wise,0.5,friends.other wis
update,get proactive,0.5,get proact
support,get thank,0.5,get thank
update,getting proper,0.5,getting prop
app,getting verified,0.5,getting verifi
support,give proper,0.5,give prop
response,got solution,0.5,got solut
customer care,great,0.5,great
app,great use,0.5,great us
app,helping lot,0.5,helping lot
app,highly impressed,0.5,highly impress
service,hope current,0.5,hope curr
resolve,hope team,0.5,hope team
app,impressed,0.5,impress
service,impressed,0.5,impress
call,impressed service,0.5,impressed servic
resolve,interested,0.5,interest
app,just recommended,0.5,just recommend
support,kind,0.5,kind
call,kindly arrange,0.5,kindly arrang
resolve,kindly,0.5,kindli
experience,like hear,0.5,like hear
app,like individual,0.5,like individu
support,name proper,0.5,name prop
app,never recommend,0.5,never recommend
behaviour,nice,0.5,nice
support,nice customer,0.5,nice custom
interface,nice,0.5,nice
experience,nice overall,0.5,nice overal
support,nice,0.5,nice
resolve,nobody interested,0.5,nobody interest
service,polite,0.5,polit
interface,polite website,0.5,polite websit
response,possible thank,0.5,possible thank
update,proactive,0.5,proactiv
support,proper response,0.5,proper respons
update,proper,0.5,proper
support,proper update,0.5,proper upd
app,reach support,0.5,reach support
service,really best,0.5,really best
app,really like,0.5,really lik
support,really nice,0.5,really nic
app,recommend feel,0.5,recommend feel
app,share order,0.5,share ord
app,share screenshot,0.5,share screenshot
response,solution advised,0.5,solution advis
customer care,solution,0.5,solut
response,solution,0.5,solut
payment,successfully unsuccessful,0.5,successfully unsuccess
app,support,0.5,support
update,support feedback,0.5,support feedback
resolve,support,0.5,support
service,support,0.5,support
resolve,support suggested,0.5,support suggest
response,thank,0.5,thank
service,time best,0.5,time best
customer care,TRUE,0.5,TRUE
app,use recommend,0.5,use recommend
app,verified,0.5,verifi
app,slow.and cashback,0.55,slow.and cashback
call,received,0.6,receiv
call,received customer,0.6,received custom
app,thanks,0.6,thank
call,receptive,0.6,recept
call,receiving,0.6,receiv
call,receiving call,0.6,receiving cal
call,receptive asked,0.6,receptive ask
app,even usable,0.6,even us
app,experience smooth,0.6,experience smooth
experience,smooth,0.6,smooth
app,found,0.6,found
app,found accessibility,0.6,found access
app,however received,0.6,however receiv
app,matches legacy,0.6,matches legaci
app,needs smooth,0.6,needs smooth
app,one resolved,0.6,one resolv
app,seems integrated,0.6,seems integr
app,service faster,0.6,service fast
service,faster,0.6,faster
app,simply awesome,0.6,simply awesom
app,ticket resolved,0.6,ticket resolv
experience,thanks,0.6,thank
experience,received,0.6,receiv
experience,resolved,0.6,resolv
call,looking forward,0.6,looking forward
call,query resolved,0.6,query resolv
service,seamless,0.6,seamless
communication,regarding delivery,0.6,regarding deliveri
customer care,found,0.6,found
customer care,received,0.6,receiv
service,awesome,0.6,awesom
update,received,0.6,receiv
experience,resolved single,0.6,resolved singl
experience,still received,0.6,still receiv
experience,thanks regards,0.6,thanks regard
payment,received,0.6,receiv
payment,gateway streamlined,0.6,gateway streamlin
payment,reaching beneficiary,0.6,reaching beneficiari
payment,received info.staff,0.6,received info.staff
refund,resolved,0.6,resolv
update,correct,0.6,correct
response,resolving,0.6,resolv
response,received,0.6,receiv
refund,received,0.6,receiv
refund,received after5,0.6,received after5
refund,resolved customer,0.6,resolved custom
response,received understand,0.6,received understand
response,resolving issues,0.6,resolving issu
response,simply awesome,0.6,simply awesom
service,awesome keep,0.6,awesome keep
service,received,0.6,receiv
service,received neither,0.6,received neith
service,representative delivery,0.6,representative deliveri
service,tell straight,0.6,tell straight
support,executive found,0.6,executive found
support,executive resolved,0.6,executive resolv
support,minimum knowledge,0.6,minimum knowledg
update,correct details,0.6,correct detail
update,features forward,0.6,features forward
update,received also,0.6,received also
customer care,resolved,0.6,resolv
call,call receiving,0.6,call receiv
service,delivery,0.6,deliveri
response,prompt,0.6,prompt
service,received customer,0.6,received custom
call,resolved,0.6,resolv
payment,smooth,0.6,smooth
support,thanks,0.6,thank
support,app thanks,0.6,app thank
app,awesome,0.6,awesom
call,baby,0.6,babi
resolve,capability,0.6,capabl
refund,dated received,0.6,dated receiv
service,delivery aggregation,0.6,delivery aggreg
communication,delivery,0.6,deliveri
support,delivery customer,0.6,delivery custom
response,delivery issues,0.6,delivery issu
app,digital joke,0.6,digital jok
app,disatisfied wit,0.6,disatisfied wit
call,discretion,0.6,discret
payment,experience smooth,0.6,experience smooth
app,faster,0.6,faster
refund,forward,0.6,forward
payment,found,0.6,found
communication,informed received,0.6,informed receiv
call,issue resolved,0.6,issue resolv
app,joke,0.6,joke
app,keep promoting,0.6,keep promot
app,knowledge queries,0.6,knowledge queri
resolve,knowledge,0.6,knowledg
customer care,knowledgeable,0.6,knowledg
call,neucoins resolved,0.6,neucoins resolv
payment,options found,0.6,options found
app,promoting,0.6,promot
service,prompt,0.6,prompt
support,reason contacting,0.6,reason contact
call,received another,0.6,received anoth
communication,received,0.6,receiv
call,received neither,0.6,received neith
communication,resolved,0.6,resolv
call,resolved know,0.6,resolved know
resolve,resolved plz,0.6,resolved plz
payment,resolved yet,0.6,resolved yet
interface,smooth,0.6,smooth
app,smooth interface,0.6,smooth interfac
app,smoothly,0.6,smoothli
call,still received,0.6,still receiv
update,still received,0.6,still receiv
customer care,thanks,0.6,thank
support,thanks instant,0.6,thanks inst
response,thanks quick,0.6,thanks quick
app,ui smoothly,0.6,ui smoothli
app,usable,0.6,usabl
interface,use smooth,0.6,use smooth
app,wit,0.6,wit
resolve,without knowledge,0.6,without knowledg
communication,yet resolved,0.6,yet resolv
payment,option working,0.65,option work
service,chance credit,0.65,chance credit
service,giving actual,0.65,giving actu
experience,new payment,0.7,new pay
service,good,0.75,good
app,good,0.75,good
experience,good,0.75,good
response,good,0.75,good
app,user friendly,0.75,user friendli
experience,happy,0.75,happi
interface,good,0.75,good
support,good,0.75,good
app,beautiful,0.75,beauti
app,beautiful ui,0.75,beautiful ui
app,benefit,0.75,benefit
app,benefit get,0.75,benefit get
app,experience good,0.75,experience good
app,feel safe,0.75,feel saf
app,good also,0.75,good also
app,good customer,0.75,good custom
app,good experience,0.75,good experi
app,good nothing,0.75,good noth
app,helpful,0.75,help
app,helpful stage,0.75,helpful stag
app,needs improved,0.75,needs improv
app,needs mature,0.75,needs matur
app,overall good,0.75,overall good
app,proud,0.75,proud
app,proud indian,0.75,proud indian
app,shop good,0.75,shop good
app,slow please,0.75,slow pleas
app,tata super,0.75,tata sup
experience,good can,0.75,good can
experience,good far,0.75,good far
experience,good light,0.75,good light
experience,happy issue,0.75,happy issu
experience,happy one,0.75,happy on
experience,somewhat good,0.75,somewhat good
refund,fair,0.75,fair
refund,impressive,0.75,impress
interface,bot friendly,0.75,bot friendli
interface,good looks,0.75,good look
interface,user friendly,0.75,user friendli
payment,congratulations,0.75,congratul
payment,congratulations tatas,0.75,congratulations tata
payment,earn benefit,0.75,earn benefit
response,also good.to,0.75,also good.to
response,good behaviour,0.75,good behaviour
response,website friendly,0.75,website friendli
service,executive good,0.75,executive good
service,good customer,0.75,good custom
service,good need,0.75,good ne
service,improve,0.75,improv
service,improve representing,0.75,improve repres
support,keep good,0.75,keep good
support,team good,0.75,team good
app,improve,0.75,improv
behaviour,good,0.75,good
customer care,good,0.75,good
payment,improve,0.75,improv
app,super,0.75,super
app,accessible,0.75,access
experience,app good,0.75,app good
interface,beautiful ui,0.75,beautiful ui
communication,bot friendly,0.75,bot friendli
resolve,courteous able,0.75,courteous 
resolve,eager listen,0.75,eager listen
update,fantastic next,0.75,fantastic next
app,friendly,0.75,friendli
communication,friendly,0.75,friendli
interface,friendly design,0.75,friendly design
response,getting good,0.75,getting good
payment,good however,0.75,good howev
payment,good,0.75,good
response,good quick,0.75,good quick
app,good tata,0.75,good tata
app,good think,0.75,good think
customer care,happy,0.75,happi
support,happy customer,0.75,happy custom
service,happy quick,0.75,happy quick
support,happy,0.75,happi
app,happy way,0.75,happy wai
support,helpful time,0.75,helpful tim
app,idea super,0.75,idea sup
service,impressive,0.75,impress
service,improve app,0.75,improve app
service,improve customer,0.75,improve custom
response,improve,0.75,improv
app,improve total,0.75,improve tot
app,improve ur,0.75,improve ur
app,improvement,0.75,improv
app,improvement needed,0.75,improvement need
service,improvement portal,0.75,improvement port
app,interesting,0.75,interest
app,laptop worth,0.75,laptop worth
app,love presentation,0.75,love present
app,loving,0.75,love
payment,make good,0.75,make good
support,much happy,0.75,much happi
app,need improvement,0.75,need improv
service,neu good,0.75,neu good
app,non responsive,0.75,non respons
experience,overall good,0.75,overall good
app,part accessible,0.75,part access
payment,peace inspite,0.75,peace inspit
customer care,perfect,0.75,perfect
call,promise,0.75,promis
behaviour,response good,0.75,response good
app,responsive,0.75,respons
app,reward whole,0.75,reward whol
app,super flop,0.75,super flop
app,ur super,0.75,ur sup
app,wonderful,0.75,wonder
app,work beneficial,0.75,work benefici
app,worth,0.75,worth
app,new,0.8,new
service,available,0.8,avail
service,affordable,0.8,afford
app,app ready,0.8,app readi
app,ready,0.8,readi
app,india better,0.8,india bett
app,need provide,0.8,need provid
app,new many,0.8,new mani
app,new understand,0.8,new understand
app,now shared,0.8,now shar
app,paid refund,0.8,paid refund
app,provide,0.8,provid
app,provide features,0.8,provide featur
app,ready market,0.8,ready market
app,solve,0.8,solv
app,well,0.8,well
app,well days,0.8,well dai
refund,refund,0.8,refund
call,resolve,0.8,resolv
call,resolve issue,0.8,resolve issu
call,well,0.8,well
call,well email,0.8,well email
service,well,0.8,well
support,better,0.8,better
customer care,shared,0.8,share
customer care,solve,0.8,solv
customer care,well,0.8,well
service,professional,0.8,profession
service,solve,0.8,solv
support,resolve,0.8,resolv
resolve,solve,0.8,solv
payment,new,0.8,new
experience,able solve,0.8,able solv
experience,new,0.8,new
experience,professional,0.8,profession
experience,professional approach,0.8,professional approach
experience,without solving,0.8,without solv
service,new,0.8,new
support,wish,0.8,wish
interface,effective,0.8,effect
interface,effective responses,0.8,effective respons
payment,easier.but,0.8,easier.but
payment,easier.but subsequent,0.8,easier.but subsequ
payment,features refund,0.8,features refund
payment,filled refund,0.8,filled refund
payment,gateway refund,0.8,gateway refund
payment,new customers,0.8,new custom
support,partner,0.8,partner
refund,refund process,0.8,refund process
resolve,solve issue,0.8,solve issu
response,executive better,0.8,executive bett
response,query shared,0.8,query shar
response,transaction eligible,0.8,transaction elig
service,affordable cab,0.8,affordable cab
service,available area,0.8,available area
service,available waiting,0.8,available wait
service,needs better,0.8,needs bett
service,new tata,0.8,new tata
service,professional way,0.8,professional wai
service,representative well,0.8,representative wel
service,well also,0.8,well also
service,wish,0.8,wish
service,wish guys,0.8,wish gui
update,refund,0.8,refund
support,app new,0.8,app new
support,better choose,0.8,better choos
support,partner issue,0.8,partner issu
support,resolve issues,0.8,resolve issu
support,suggested resolve,0.8,suggested resolv
update,refund supposed,0.8,refund suppos
app,better,0.8,better
app,tata new,0.8,tata new
call,answer better,0.8,answer bett
refund,ask refund,0.8,ask refund
experience,assurances,0.8,assur
app,available,0.8,avail
payment,available complete,0.8,available complet
payment,available upi,0.8,available upi
call,better,0.8,better
experience,better,0.8,better
experience,better user,0.8,better us
interface,better user,0.8,better us
app,cashback,0.8,cashback
service,coins available,0.8,coins avail
app,common new,0.8,common new
experience,easier.but subsequent,0.8,easier.but subsequ
update,executive new,0.8,executive new
payment,experience new,0.8,experience new
response,get satisfactory,0.8,get satisfactori
experience,improvements user,0.8,improvements us
service,incapability provide,0.8,incapability provid
app,it.since new,0.8,it.since new
app,market better,0.8,market bett
app,much better,0.8,much bett
app,navigate partner,0.8,navigate partn
app,new tata,0.8,new tata
app,new tataneu,0.8,new tataneu
update,new,0.8,new
experience,overall better,0.8,overall bett
app,partner,0.8,partner
response,phone well,0.8,phone wel
app,product available,0.8,product avail
app,provide proof,0.8,provide proof
service,provide,0.8,provid
service,provide service,0.8,provide servic
service,ready give,0.8,ready g
call,right now,0.8,right now
response,satisfactory,0.8,satisfactori
app,saved one,0.8,saved on
service,solved customer,0.8,solved custom
response,swiftness promptness,0.8,swiftness prompt
app,use new,0.8,use new
response,well email,0.8,well email
response,well,0.8,well
communication,clear information,0.9,clear inform
call,customer care,1,customer car
resolve,issue please,1,issue pleas
response,customer care,1,customer car
app,please,1,pleas
experience,customer care,1,customer car
service,customer care,1,customer car
update,customer care,1,customer car
app,affecting enjoyment,1,affecting enjoy
app,customer care,1,customer car
app,please lunch,1,please lunch
app,please response,1,please respons
app,please update,1,please upd
app,request please,1,request pleas
app,superb,1,superb
app,user-friendly,1,user-friendli
app,user-friendly many,1,user-friendly mani
call,one care,1,one car
communication,patiently,1,patient
communication,patiently explained,1,patiently explain
service,excellent,1,excel
payment,approved,1,approv
payment,approved tata,1,approved tata
service,desk please,1,desk pleas
service,excellent quick,1,excellent quick
service,reacting properly,1,reacting properli
service,representative understanding,1,representative understand
support,customer care,1,customer car
service,care,1,care
resolve,please,1,pleas
update,please,1,pleas
support,care,1,care
service,excellent customer,1,excellent custom
support,excellent,1,excel
call,please,1,pleas
service,satisfied,1,satisfi
response,app please,1,app pleas
update,app please,1,app pleas
payment,application stable,1,application st
resolve,bugs please,1,bugs pleas
call,care,1,care
resolve,care executive,1,care execut
response,care executive,1,care execut
support,care person,1,care person
response,care representative's,1,care representative'
app,care team,1,care team
communication,excellent,1,excel
support,excellent customer,1,excellent custom
resolve,good work,1,good work
call,neu please,1,neu pleas
experience,pleasant,1,pleasant
response,please,1,pleas
app,please use,1,please us
service,process satisfied,1,process satisfi
payment,properly implemented,1,properly impl
customer care,satisfied,1,satisfi
service,satisfy customer,1,satisfy custom
payment,stable,1,stabl
handling,superb,1,superb
service,superb,1,superb
resolve,twice please,1,twice pleas
app,working well,1.05,working wel
app,thanks support,1.1,thanks support
call,courtesy discretion,1.1,courtesy discret
response,resolved proper,1.1,resolved prop
support,thanks kind,1.1,thanks kind
app,option good,1.15,option good
resolve,knowledge capability,1.2,knowledge cap
refund,straight forward,1.2,straight forward
app,working properly,1.25,working properli
refund,impressive liked,1.25,impressive lik
response,good accurate,1.25,good accur
service,good hope,1.25,good hop
support,good best,1.25,good best
behaviour,polite good,1.25,polite good
service,good polite,1.25,good polit
support,helpful thank,1.25,helpful thank
payment,kindly improve,1.25,kindly improv
payment,please work,1.25,please work
support,wish best,1.3,wish best
payment,improve smooth,1.35,improve smooth
experience,received new,1.4,received new
experience,good love,1.5,good lov
service,good improve,1.5,good improv
app,good improve,1.5,good improv
refund,fair refund,1.55,fair refund
service,good better,1.55,good bett
service,provide good,1.55,provide good
refund,refund fair,1.55,refund fair
app,improvements new,1.6,improvements new
support,thanks excellent,1.6,thanks excel
service,good excellent,1.75,good excel
payment,please improve,1.75,please improv
response,please improve,1.75,please improv
update,friend please,1.8,friend pleas